start,equity,rates,credit,commodities,em_equity,fx_usd,inflation,value,quality,vix
2011-08-05,0.09277631208127447,0.2592703359244587,0.11412104332777963,0.029042034931924213,-0.14265630048934896,0.037363612790793865,0.1400393151496704,0.14903017702192428,-0.0667195167075495,0.38773298596907296
2015-06-30,0.02807492667064355,0.1938754370923093,0.014923635857240792,0.25513615839146386,0.2474644169135827,0.08940729298385063,0.005131554285679744,0.004543012640175478,-0.0003837634760433776,0.16182732864109728
2015-08-24,0.29721409789347936,0.05199563131447112,-0.02204893635582679,0.21453551482470648,-0.025491688570961717,0.14316514045720416,0.011182487168093261,-0.015603558281567443,0.06177429541848628,0.2832770161319153
2015-10-23,0.06723978497589118,0.1670451983571506,0.008674573225642721,0.18417606525850316,0.13300092576608386,0.1539012258465465,0.04476531226308725,0.17102336706370003,0.01284496286955569,0.05732858437383898
2015-12-04,0.03868160584611735,0.07938581922228541,0.19453472388301046,0.0966385419139999,0.025413424981719654,0.09437487978705353,0.02806305584714963,-0.020723008066210243,0.0092108990678097,0.4544200575170646
2017-08-11,-0.005545080687752255,-0.004677089760128472,0.008929080349003258,0.08286020061558935,0.015570569792532475,0.03702916005354273,0.028614538409873026,-0.03890245603989272,-0.008788767912188241,0.884909845179421
2018-01-30,0.08395846826059213,0.033073572593124025,-0.006425255850425002,0.04468362723026789,0.019109091182410994,0.025821152037313295,0.00436748121386178,-0.05825549436092268,0.02114018086003581,0.8325271768337418
2018-10-05,0.30516197386371896,0.05848849628049478,-0.004539705022535559,0.0546212276420845,0.007666434309149975,0.03331427010772668,-0.006577204667760094,-0.12359902566361744,0.24970384274415494,0.4257596904065833
2018-11-02,0.43119280027767726,0.02918888549865287,0.01540656306163032,0.1886085646339773,0.1443695490111791,0.060881028059747586,0.013417079502944684,-0.1694120563673814,0.13719485157143071,0.1491527347501416
2018-11-29,0.7657648806089082,0.018547030443379717,0.027384150891397115,0.12810250026843023,-0.038528061453702175,0.04027315777816352,0.02193835119642091,-0.23864567951940524,0.2845824909313537,-0.009418821144946136
2019-05-07,0.20689988940749343,0.004310968432467798,-0.0002678618455075176,0.06677999158517596,0.14483419475985904,0.01603590982444263,0.03749468298155384,-0.34638164200922633,0.09945799695729242,0.7708358699064488
2019-05-29,0.3045834163140402,0.042526426611154404,0.06334409057011178,0.23019579597791037,0.06703176412094151,0.031252147829862804,0.0715907780801642,0.02127229820000603,0.1658173720972716,0.0023859101985370715
2019-08-02,0.1448938943146464,0.18534206167280642,-0.012266680975085993,0.08258814920183755,-0.016119122252600284,0.030912771684715127,0.002045777015449726,-0.25036599943639554,0.35207215742322956,0.480896991351397
2019-09-10,0.013717189486045335,0.20245116131841878,0.013201394284805427,0.574408310694402,0.0380846455012067,0.04967771654760718,0.02318364180166942,0.04633394134135793,0.012823242080217742,0.026118756944269548
2020-01-22,-0.0930987122162468,0.05737775881228286,0.05736691878588581,0.19623693275061876,0.2515829666059364,0.04113263080989644,0.04331778822650252,-0.13207997265591315,0.2586438329738627,0.3195198559071746
2020-02-25,0.05770426748678565,0.06891560001621587,0.18994731030316395,0.0947157887156902,0.007926959269367297,0.05907142632679297,0.11274671715370073,0.3048197496522692,0.151978115609101,-0.047825934533086645
2020-05-27,-0.2243226804293931,0.04688023105722568,0.060217578919285905,0.07823211602613345,0.03197949950605989,0.04287062291592119,0.020397570547066476,0.7667823661717205,0.10918195147737572,0.06778074380860433
2020-06-25,0.06809086827874326,0.04791520528127536,0.08648116888850156,0.05890173206352877,0.16786592796505231,0.030376701746579644,0.010193753075437203,0.28747777771347593,0.1859362335058135,0.05676063148159249
2020-08-03,0.28058662260390166,0.16107914126051323,0.08829204680772963,0.053896860730722744,0.13768884776354573,0.035669547947281444,-0.010200980619579615,0.16434086364246192,0.06783186227268814,0.02081518759073511
2020-08-27,0.6777003804158571,0.12228249229671934,-0.010248674691205384,0.08476683475757193,0.022002210703026236,0.030042067414290802,0.01536843708677893,-0.23063552757292663,0.19594105998199382,0.09278071960789393
2020-10-05,0.6538066717398606,0.12224816817639458,-0.0036581591649228135,0.1754383705892428,-0.05144321156404623,0.08230175826638007,0.007225988349596883,-0.061444585825293566,0.06846449164614685,0.007060507786640913
2020-10-29,0.07755125631243823,0.09467155220672543,0.01083669854114029,0.05719787698258778,0.03671998485692933,0.038413176630088204,-0.005383980739673604,0.4828497402326847,0.1738176263933317,0.03332606858374794
2021-01-05,0.08967550081822652,0.08290493215064715,0.02635491801320908,0.10114350774713657,0.19006408566386332,0.04626397717636635,0.012672348733818551,0.44892860370450494,-0.049856725148500036,0.0518488511407273
2021-02-23,0.07675042180206247,0.09151026464831212,0.02223903240542698,0.17345173129694696,0.13795628192642984,0.03752963927715934,0.090922297683883,0.128450772926857,0.13427353717073964,0.10691602086218258
2021-07-20,0.06348862568971328,0.16478683348663473,0.004940738173195264,0.08833641284681934,0.27074085648495966,0.024375947792356665,0.11067592812513931,0.03969795136668619,0.11586368542777432,0.11709302060672122
2021-09-29,0.1966229940791198,0.08633871509025194,0.0004169590863340234,0.10491141962942756,0.11206216187057633,0.06340195178779687,0.02510076953471689,0.13731087442392298,0.23255891407566848,0.041275240422185284
2021-10-29,0.05470399207952227,0.18209334696601098,0.038174564746691564,0.10109057555794285,0.11494404220167008,0.10562945669830923,0.08589248161899299,0.05125356136883989,0.21178613289944792,0.054431845862572145
2021-11-23,-0.02039301867918836,0.13987619179853913,0.01275736436424885,0.23959882422699422,-0.005533034221635769,0.03748401103195393,0.02277133645151667,0.03934949421010418,0.09072065907270219,0.4433681717447649
2022-01-04,0.0564605026892669,0.0018110334876345723,0.048231621158882604,0.04820545451489655,0.01950731046375556,0.030047044244596997,0.22034382676579936,-0.00472392769972269,0.5249780656060892,0.055139068768800925
2022-01-28,0.1851920458554225,0.06755590316543843,0.06672186134122789,0.06991554065603624,0.047562196497131344,0.0423394740852303,0.11212642852275086,-0.191698943442379,0.5511549958767104,0.049130497442431094
2022-02-24,0.16701930162410114,0.10747754446530473,0.11898709533540672,0.22067909563432342,0.06963006965171688,0.05903583473340149,0.12355612827377269,-0.049466701172154265,0.18173270033243133,0.0013489311216959997
2022-09-08,0.40994401544758685,0.009963035060759358,0.16622526375548127,0.08745365706368195,-0.04998003961767668,0.1840771937542584,0.05430742066125418,-0.19246967972927453,0.36464003145273854,-0.034160897848809345
2022-09-26,0.16681810695734334,0.15415684379316,0.10291524851359309,0.05632612698642368,0.06165947971243473,0.1448819507502911,0.12370476585480548,-0.008001731425627467,0.21202763513548248,-0.014488426277906304
2022-12-28,0.0526359849881472,0.1505608984281278,0.20490562603092372,0.15530053153682066,0.13576509999286684,0.19032070935642934,0.011231137035607266,0.010622043344167994,0.09451315307189236,-0.005855183784982967
2023-03-13,0.05800956556648516,-0.005274198943443203,0.11638766440116431,0.055541622158705166,0.018649144581858946,0.1023630429825542,0.3552854322989904,0.23344075543771717,-0.019115306644504955,0.08471227816047289
2024-07-12,0.10569322755342138,0.1338089298198806,-0.010568137469129026,0.043530315601110633,0.020590329187544446,0.037531499807222396,-0.004611577598956796,0.061587045586167365,0.11142251273578563,0.5010158547769534
2025-04-04,1.236895562275591,0.10874820839869567,-0.06886723331976854,0.0537855063835979,0.041568664035801145,0.10687914669886747,0.014998742591301966,-0.057090659269716994,-0.4452298998308731,0.008311962036503216
2026-03-03,-0.1089318828112892,0.028603231527637298,0.01224424780563884,0.34356096641057204,0.40049502644697627,0.02234948896405639,0.010552251216935859,0.0829694501783483,0.03772519035602634,0.17043202990509776
